"IntegrationTime","Points:0","Points:1","Points:2"
0,0.0,0.0,0.0
0.048187,-0.1,0.0,0.0
0.08821,-0.2,0.0,0.0
0.12423,-0.3,0.0,0.0
0.22175,-0.4,0.0,0.0
